{"cameraMode":{"drawMode":0,"name":"Shaded","section":"Shading Mode"},"sceneLighting":true,"audioPlay":false,"sceneViewState":{"m_AlwaysRefresh":false,"showFog":true,"showSkybox":true,"showFlares":true,"showImageEffects":true,"showParticleSystems":true,"showVisualEffectGraphs":true,"m_FxEnabled":true},"in2DMode":false,"pivot":{"x":580.5119018554688,"y":41.609649658203128,"z":194.17581176757813},"rotation":{"x":0.12156420946121216,"y":-0.8694297671318054,"z":0.2649751603603363,"w":0.39900603890419009},"size":14.817181587219239,"orthographic":false}